Volume Link,Volume Text
Humanist.vol22.txt,"
404 Not Found

404 Not Found
nginx/1.10.3 (Ubuntu)


"
Humanist.vol23.txt,"
404 Not Found

404 Not Found
nginx/1.10.3 (Ubuntu)


"
Humanist.vol24.txt,"
404 Not Found

404 Not Found
nginx/1.10.3 (Ubuntu)


"
Humanist.vol25.txt,"
404 Not Found

404 Not Found
nginx/1.10.3 (Ubuntu)


"
Humanist.vol26.txt,"
404 Not Found

404 Not Found
nginx/1.10.3 (Ubuntu)


"
Humanist.vol27.txt,"
404 Not Found

404 Not Found
nginx/1.10.3 (Ubuntu)


"
Humanist.vol28.txt,"
404 Not Found

404 Not Found
nginx/1.10.3 (Ubuntu)


"
Humanist.vol29.txt,"
404 Not Found

404 Not Found
nginx/1.10.3 (Ubuntu)


"
Humanist.vol30.txt,"
404 Not Found

404 Not Found
nginx/1.10.3 (Ubuntu)


"
Humanist.vol31.txt,"
404 Not Found

404 Not Found
nginx/1.10.3 (Ubuntu)


"
Humanist.vol32.txt,"
404 Not Found

404 Not Found
nginx/1.10.3 (Ubuntu)


"
